{
    "he1": [
        [
            0.644211,
            0.092789,
            0.0
        ],
        [
            0.716556,
            0.954111,
            0.0
        ],
        [
            0.266844,
            0.283111,
            0.0
        ]
    ],
    "he2": [
        [
            0.49015734,
            0.04615336,
            0
        ],
        [
            0.76897085,
            0.8420684,
            0.0
        ],
        [
            0.41040173,
            0.5373925,
            0.0
        ]
    ],
    "masson_trichrome": [
        [
            0.7995107,
            0.09997159,
            0.0
        ],
        [
            0.5913521,
            0.73738605,
            0.0
        ],
        [
            0.10528667,
            0.6680326,
            0.0
        ]
    ]
}
